ID_Image,ensemble,label_malade
saine_0001,entrainement,0
saine_0002,test,0
saine_0003,entrainement,0
saine_0004,entrainement,0
saine_0005,entrainement,0
saine_0006,entrainement,0
saine_0007,entrainement,0
saine_0008,entrainement,0
saine_0009,entrainement,0
saine_0010,entrainement,0
saine_0011,entrainement,0
saine_0012,entrainement,0
saine_0013,entrainement,0
saine_0014,test,0
saine_0015,entrainement,0
saine_0016,entrainement,0
saine_0017,entrainement,0
saine_0018,entrainement,0
saine_0019,entrainement,0
saine_0020,entrainement,0
saine_0021,test,0
saine_0022,test,0
saine_0023,entrainement,0
saine_0024,entrainement,0
saine_0025,entrainement,0
saine_0026,entrainement,0
saine_0027,entrainement,0
saine_0028,entrainement,0
saine_0029,entrainement,0
saine_0030,entrainement,0
saine_0031,entrainement,0
saine_0032,entrainement,0
saine_0033,entrainement,0
saine_0034,entrainement,0
saine_0035,test,0
saine_0036,entrainement,0
saine_0037,entrainement,0
saine_0038,entrainement,0
saine_0039,entrainement,0
saine_0040,entrainement,0
saine_0041,entrainement,0
saine_0042,entrainement,0
saine_0043,entrainement,0
saine_0044,test,0
saine_0045,entrainement,0
saine_0046,entrainement,0
saine_0047,entrainement,0
saine_0048,entrainement,0
saine_0049,test,0
saine_0050,test,0
saine_0051,test,0
saine_0052,entrainement,0
saine_0053,test,0
saine_0054,test,0
saine_0055,test,0
saine_0056,entrainement,0
saine_0057,entrainement,0
saine_0058,entrainement,0
saine_0059,test,0
saine_0060,entrainement,0
saine_0061,entrainement,0
saine_0062,entrainement,0
saine_0063,entrainement,0
saine_0064,entrainement,0
saine_0065,entrainement,0
saine_0066,entrainement,0
saine_0067,entrainement,0
saine_0068,entrainement,0
saine_0069,entrainement,0
saine_0070,entrainement,0
saine_0071,entrainement,0
saine_0072,test,0
saine_0073,entrainement,0
saine_0074,entrainement,0
saine_0075,entrainement,0
saine_0076,entrainement,0
saine_0077,entrainement,0
saine_0078,entrainement,0
saine_0079,entrainement,0
saine_0080,entrainement,0
saine_0081,test,0
saine_0082,entrainement,0
saine_0083,entrainement,0
saine_0084,entrainement,0
saine_0085,entrainement,0
saine_0086,entrainement,0
saine_0087,entrainement,0
saine_0088,test,0
saine_0089,test,0
saine_0090,entrainement,0
saine_0091,entrainement,0
saine_0092,test,0
saine_0093,entrainement,0
saine_0094,entrainement,0
saine_0095,entrainement,0
saine_0096,entrainement,0
saine_0097,entrainement,0
saine_0098,entrainement,0
saine_0099,entrainement,0
saine_0100,test,0
saine_0101,entrainement,0
saine_0102,entrainement,0
saine_0103,test,0
saine_0104,entrainement,0
saine_0105,entrainement,0
saine_0106,test,0
saine_0107,test,0
saine_0108,entrainement,0
saine_0109,entrainement,0
saine_0110,entrainement,0
saine_0111,entrainement,0
saine_0112,entrainement,0
saine_0113,entrainement,0
saine_0114,entrainement,0
saine_0115,entrainement,0
saine_0116,entrainement,0
saine_0117,entrainement,0
saine_0118,entrainement,0
saine_0119,entrainement,0
saine_0120,entrainement,0
saine_0121,entrainement,0
saine_0122,test,0
saine_0123,entrainement,0
saine_0124,entrainement,0
saine_0125,entrainement,0
saine_0126,entrainement,0
saine_0127,entrainement,0
saine_0128,entrainement,0
saine_0129,entrainement,0
saine_0130,entrainement,0
saine_0131,test,0
saine_0132,entrainement,0
saine_0133,entrainement,0
saine_0134,entrainement,0
saine_0135,test,0
saine_0136,entrainement,0
saine_0137,entrainement,0
saine_0138,entrainement,0
saine_0139,entrainement,0
saine_0140,entrainement,0
saine_0141,entrainement,0
saine_0142,entrainement,0
saine_0143,entrainement,0
saine_0144,entrainement,0
saine_0145,entrainement,0
saine_0146,entrainement,0
saine_0147,entrainement,0
saine_0148,entrainement,0
saine_0149,entrainement,0
saine_0150,test,0
saine_0151,entrainement,0
saine_0152,test,0
saine_0153,entrainement,0
saine_0154,entrainement,0
saine_0155,entrainement,0
saine_0156,entrainement,0
saine_0157,entrainement,0
saine_0158,entrainement,0
saine_0159,entrainement,0
saine_0160,entrainement,0
saine_0161,test,0
saine_0162,test,0
saine_0163,entrainement,0
saine_0164,entrainement,0
saine_0165,entrainement,0
saine_0166,entrainement,0
saine_0167,test,0
saine_0168,entrainement,0
saine_0169,entrainement,0
saine_0170,test,0
saine_0171,entrainement,0
saine_0172,entrainement,0
saine_0173,entrainement,0
saine_0174,entrainement,0
saine_0175,test,0
saine_0176,entrainement,0
saine_0177,entrainement,0
saine_0178,entrainement,0
saine_0179,entrainement,0
saine_0180,entrainement,0
saine_0181,entrainement,0
saine_0182,entrainement,0
saine_0183,entrainement,0
saine_0184,entrainement,0
saine_0185,entrainement,0
saine_0186,entrainement,0
saine_0187,entrainement,0
saine_0188,test,0
saine_0189,test,0
saine_0190,test,0
saine_0191,test,0
saine_0192,test,0
saine_0193,entrainement,0
saine_0194,entrainement,0
saine_0195,entrainement,0
saine_0196,entrainement,0
saine_0197,entrainement,0
saine_0198,entrainement,0
saine_0199,entrainement,0
saine_0200,entrainement,0
saine_0201,entrainement,0
saine_0202,test,0
saine_0203,entrainement,0
saine_0204,entrainement,0
saine_0205,entrainement,0
saine_0206,test,0
saine_0207,entrainement,0
saine_0208,entrainement,0
saine_0209,entrainement,0
saine_0210,entrainement,0
saine_0211,entrainement,0
saine_0212,entrainement,0
saine_0213,test,0
saine_0214,entrainement,0
saine_0215,test,0
saine_0216,entrainement,0
saine_0217,entrainement,0
saine_0218,test,0
saine_0219,entrainement,0
saine_0220,entrainement,0
saine_0221,entrainement,0
saine_0222,entrainement,0
saine_0223,entrainement,0
saine_0224,entrainement,0
saine_0225,entrainement,0
saine_0226,entrainement,0
saine_0227,entrainement,0
saine_0228,entrainement,0
saine_0229,entrainement,0
saine_0230,entrainement,0
saine_0231,entrainement,0
saine_0232,entrainement,0
saine_0233,entrainement,0
saine_0234,entrainement,0
saine_0235,entrainement,0
saine_0236,test,0
saine_0237,entrainement,0
saine_0238,entrainement,0
saine_0239,entrainement,0
saine_0240,entrainement,0
saine_0241,entrainement,0
saine_0242,test,0
saine_0243,entrainement,0
saine_0244,test,0
saine_0245,entrainement,0
saine_0246,entrainement,0
saine_0247,entrainement,0
saine_0248,entrainement,0
saine_0249,entrainement,0
saine_0250,entrainement,0
saine_0251,entrainement,0
saine_0252,test,0
saine_0253,test,0
saine_0254,entrainement,0
saine_0255,entrainement,0
saine_0256,entrainement,0
saine_0257,entrainement,0
saine_0258,test,0
saine_0259,entrainement,0
saine_0260,test,0
saine_0261,entrainement,0
saine_0262,entrainement,0
saine_0263,entrainement,0
saine_0264,test,0
saine_0265,test,0
saine_0266,entrainement,0
saine_0267,entrainement,0
saine_0268,entrainement,0
saine_0269,entrainement,0
saine_0270,test,0
saine_0271,test,0
saine_0272,entrainement,0
saine_0273,entrainement,0
saine_0274,test,0
saine_0275,entrainement,0
saine_0276,entrainement,0
saine_0277,test,0
saine_0278,entrainement,0
saine_0279,entrainement,0
saine_0280,entrainement,0
saine_0281,entrainement,0
saine_0282,entrainement,0
saine_0283,entrainement,0
saine_0284,entrainement,0
saine_0285,entrainement,0
saine_0286,entrainement,0
saine_0287,entrainement,0
saine_0288,entrainement,0
saine_0289,entrainement,0
saine_0290,entrainement,0
saine_0291,entrainement,0
saine_0292,entrainement,0
saine_0293,entrainement,0
saine_0294,test,0
saine_0295,entrainement,0
saine_0296,test,0
saine_0297,entrainement,0
saine_0298,entrainement,0
saine_0299,entrainement,0
saine_0300,entrainement,0
saine_0301,entrainement,0
saine_0302,entrainement,0
saine_0303,entrainement,0
saine_0304,test,0
saine_0305,entrainement,0
saine_0306,entrainement,0
saine_0307,test,0
saine_0308,entrainement,0
saine_0309,test,0
saine_0310,test,0
saine_0311,entrainement,0
saine_0312,entrainement,0
saine_0313,entrainement,0
saine_0314,test,0
saine_0315,entrainement,0
saine_0316,test,0
saine_0317,entrainement,0
saine_0318,entrainement,0
saine_0319,entrainement,0
saine_0320,test,0
saine_0321,entrainement,0
saine_0322,entrainement,0
saine_0323,entrainement,0
saine_0324,entrainement,0
saine_0325,entrainement,0
saine_0326,entrainement,0
saine_0327,entrainement,0
saine_0328,entrainement,0
saine_0329,test,0
saine_0330,entrainement,0
saine_0331,test,0
saine_0332,entrainement,0
saine_0333,entrainement,0
saine_0334,entrainement,0
saine_0335,entrainement,0
saine_0336,entrainement,0
saine_0337,entrainement,0
saine_0338,entrainement,0
saine_0339,entrainement,0
saine_0340,test,0
saine_0341,entrainement,0
saine_0342,entrainement,0
saine_0343,entrainement,0
saine_0344,test,0
saine_0345,test,0
saine_0346,test,0
saine_0347,entrainement,0
saine_0348,entrainement,0
saine_0349,test,0
saine_0350,entrainement,0
saine_0351,entrainement,0
saine_0352,entrainement,0
saine_0353,entrainement,0
saine_0354,entrainement,0
saine_0355,entrainement,0
saine_0356,entrainement,0
saine_0357,entrainement,0
saine_0358,entrainement,0
saine_0359,entrainement,0
saine_0360,test,0
saine_0361,entrainement,0
saine_0362,entrainement,0
saine_0363,entrainement,0
saine_0364,entrainement,0
saine_0365,test,0
saine_0366,test,0
saine_0367,entrainement,0
saine_0368,entrainement,0
saine_0369,entrainement,0
saine_0370,entrainement,0
saine_0371,entrainement,0
saine_0372,entrainement,0
saine_0373,test,0
saine_0374,entrainement,0
saine_0375,entrainement,0
saine_0376,entrainement,0
saine_0377,entrainement,0
saine_0378,entrainement,0
saine_0379,entrainement,0
saine_0380,entrainement,0
saine_0381,entrainement,0
saine_0382,entrainement,0
saine_0383,entrainement,0
saine_0384,test,0
saine_0385,entrainement,0
saine_0386,entrainement,0
saine_0387,entrainement,0
saine_0388,entrainement,0
saine_0389,entrainement,0
saine_0390,entrainement,0
saine_0391,test,0
saine_0392,entrainement,0
saine_0393,entrainement,0
saine_0394,test,0
saine_0395,entrainement,0
saine_0396,entrainement,0
saine_0397,entrainement,0
saine_0398,test,0
saine_0399,entrainement,0
saine_0400,test,0
malade_0001,test,1
malade_0002,entrainement,1
malade_0003,entrainement,1
malade_0004,entrainement,1
malade_0005,test,1
malade_0006,entrainement,1
malade_0007,entrainement,1
malade_0008,entrainement,1
malade_0009,entrainement,1
malade_0010,test,1
malade_0011,entrainement,1
malade_0012,entrainement,1
malade_0013,entrainement,1
malade_0014,entrainement,1
malade_0015,entrainement,1
malade_0016,entrainement,1
malade_0017,entrainement,1
malade_0018,entrainement,1
malade_0019,entrainement,1
malade_0020,entrainement,1
malade_0021,entrainement,1
malade_0022,entrainement,1
malade_0023,test,1
malade_0024,entrainement,1
malade_0025,entrainement,1
malade_0026,entrainement,1
malade_0027,entrainement,1
malade_0028,entrainement,1
malade_0029,entrainement,1
malade_0030,entrainement,1
malade_0031,entrainement,1
malade_0032,entrainement,1
malade_0033,entrainement,1
malade_0034,entrainement,1
malade_0035,entrainement,1
malade_0036,entrainement,1
malade_0037,entrainement,1
malade_0038,entrainement,1
malade_0039,test,1
malade_0040,entrainement,1
malade_0041,entrainement,1
malade_0042,entrainement,1
malade_0043,entrainement,1
malade_0044,entrainement,1
malade_0045,entrainement,1
malade_0046,entrainement,1
malade_0047,test,1
malade_0048,test,1
malade_0049,entrainement,1
malade_0050,entrainement,1
malade_0051,entrainement,1
malade_0052,entrainement,1
malade_0053,test,1
malade_0054,entrainement,1
malade_0055,entrainement,1
malade_0056,entrainement,1
malade_0057,entrainement,1
malade_0058,test,1
malade_0059,entrainement,1
malade_0060,test,1
malade_0061,entrainement,1
malade_0062,entrainement,1
malade_0063,entrainement,1
malade_0064,entrainement,1
malade_0065,entrainement,1
malade_0066,entrainement,1
malade_0067,entrainement,1
malade_0068,entrainement,1
malade_0069,test,1
malade_0070,entrainement,1
malade_0071,entrainement,1
malade_0072,entrainement,1
malade_0073,entrainement,1
malade_0074,entrainement,1
malade_0075,entrainement,1
malade_0076,test,1
malade_0077,entrainement,1
malade_0078,entrainement,1
malade_0079,entrainement,1
malade_0080,entrainement,1
malade_0081,entrainement,1
malade_0082,entrainement,1
malade_0083,entrainement,1
malade_0084,entrainement,1
malade_0085,entrainement,1
malade_0086,test,1
malade_0087,entrainement,1
malade_0088,entrainement,1
malade_0089,test,1
malade_0090,entrainement,1
malade_0091,entrainement,1
malade_0092,test,1
malade_0093,entrainement,1
malade_0094,test,1
malade_0095,entrainement,1
malade_0096,test,1
malade_0097,entrainement,1
malade_0098,entrainement,1
malade_0099,entrainement,1
malade_0100,test,1
malade_0101,entrainement,1
malade_0102,entrainement,1
malade_0103,test,1
malade_0104,entrainement,1
malade_0105,entrainement,1
malade_0106,test,1
malade_0107,entrainement,1
malade_0108,test,1
malade_0109,entrainement,1
malade_0110,entrainement,1
malade_0111,entrainement,1
malade_0112,entrainement,1
malade_0113,entrainement,1
malade_0114,entrainement,1
malade_0115,entrainement,1
malade_0116,entrainement,1
malade_0117,test,1
malade_0118,test,1
malade_0119,entrainement,1
malade_0120,test,1
malade_0121,entrainement,1
malade_0122,test,1
malade_0123,entrainement,1
malade_0124,test,1
malade_0125,entrainement,1
malade_0126,test,1
malade_0127,test,1
malade_0128,entrainement,1
malade_0129,test,1
malade_0130,entrainement,1
malade_0131,entrainement,1
malade_0132,entrainement,1
malade_0133,entrainement,1
malade_0134,entrainement,1
malade_0135,entrainement,1
malade_0136,entrainement,1
malade_0137,entrainement,1
malade_0138,entrainement,1
malade_0139,entrainement,1
malade_0140,entrainement,1
malade_0141,entrainement,1
malade_0142,entrainement,1
malade_0143,entrainement,1
malade_0144,test,1
malade_0145,test,1
malade_0146,entrainement,1
malade_0147,test,1
malade_0148,entrainement,1
malade_0149,entrainement,1
malade_0150,entrainement,1
malade_0151,entrainement,1
malade_0152,entrainement,1
malade_0153,entrainement,1
malade_0154,test,1
malade_0155,entrainement,1
malade_0156,entrainement,1
malade_0157,entrainement,1
malade_0158,test,1
malade_0159,entrainement,1
malade_0160,entrainement,1
malade_0161,entrainement,1
malade_0162,entrainement,1
malade_0163,entrainement,1
malade_0164,entrainement,1
malade_0165,entrainement,1
malade_0166,entrainement,1
malade_0167,entrainement,1
malade_0168,entrainement,1
malade_0169,entrainement,1
malade_0170,entrainement,1
malade_0171,entrainement,1
malade_0172,entrainement,1
malade_0173,entrainement,1
malade_0174,entrainement,1
malade_0175,entrainement,1
malade_0176,entrainement,1
malade_0177,entrainement,1
malade_0178,entrainement,1
malade_0179,entrainement,1
malade_0180,test,1
malade_0181,entrainement,1
malade_0182,entrainement,1
malade_0183,entrainement,1
malade_0184,entrainement,1
malade_0185,test,1
malade_0186,entrainement,1
malade_0187,entrainement,1
malade_0188,entrainement,1
malade_0189,test,1
malade_0190,entrainement,1
malade_0191,entrainement,1
malade_0192,test,1
malade_0193,entrainement,1
malade_0194,entrainement,1
malade_0195,entrainement,1
malade_0196,test,1
malade_0197,entrainement,1
malade_0198,entrainement,1
malade_0199,entrainement,1
malade_0200,entrainement,1
malade_0201,entrainement,1
malade_0202,entrainement,1
malade_0203,entrainement,1
malade_0204,test,1
malade_0205,entrainement,1
malade_0206,entrainement,1
malade_0207,entrainement,1
malade_0208,entrainement,1
malade_0209,entrainement,1
malade_0210,entrainement,1
malade_0211,entrainement,1
malade_0212,entrainement,1
malade_0213,entrainement,1
malade_0214,entrainement,1
malade_0215,entrainement,1
malade_0216,entrainement,1
malade_0217,entrainement,1
malade_0218,test,1
malade_0219,entrainement,1
malade_0220,test,1
malade_0221,entrainement,1
malade_0222,test,1
malade_0223,test,1
malade_0224,entrainement,1
malade_0225,entrainement,1
malade_0226,entrainement,1
malade_0227,entrainement,1
malade_0228,entrainement,1
malade_0229,test,1
malade_0230,entrainement,1
malade_0231,entrainement,1
malade_0232,entrainement,1
malade_0233,entrainement,1
malade_0234,entrainement,1
malade_0235,entrainement,1
malade_0236,entrainement,1
malade_0237,test,1
malade_0238,test,1
malade_0239,test,1
malade_0240,entrainement,1
malade_0241,entrainement,1
malade_0242,entrainement,1
malade_0243,entrainement,1
malade_0244,entrainement,1
malade_0245,entrainement,1
malade_0246,test,1
malade_0247,test,1
malade_0248,entrainement,1
malade_0249,entrainement,1
malade_0250,test,1
malade_0251,entrainement,1
malade_0252,entrainement,1
malade_0253,entrainement,1
malade_0254,test,1
malade_0255,entrainement,1
malade_0256,entrainement,1
malade_0257,entrainement,1
malade_0258,entrainement,1
malade_0259,entrainement,1
malade_0260,entrainement,1
malade_0261,entrainement,1
malade_0262,test,1
malade_0263,entrainement,1
malade_0264,test,1
malade_0265,entrainement,1
malade_0266,entrainement,1
malade_0267,entrainement,1
malade_0268,entrainement,1
malade_0269,test,1
malade_0270,entrainement,1
malade_0271,entrainement,1
malade_0272,test,1
malade_0273,entrainement,1
malade_0274,entrainement,1
malade_0275,test,1
malade_0276,entrainement,1
malade_0277,entrainement,1
malade_0278,test,1
malade_0279,test,1
malade_0280,entrainement,1
malade_0281,entrainement,1
malade_0282,entrainement,1
malade_0283,entrainement,1
malade_0284,entrainement,1
malade_0285,test,1
malade_0286,entrainement,1
malade_0287,entrainement,1
malade_0288,entrainement,1
malade_0289,test,1
malade_0290,test,1
malade_0291,entrainement,1
malade_0292,entrainement,1
malade_0293,entrainement,1
malade_0294,entrainement,1
malade_0295,entrainement,1
malade_0296,entrainement,1
malade_0297,entrainement,1
malade_0298,entrainement,1
malade_0299,entrainement,1
malade_0300,entrainement,1
malade_0301,entrainement,1
malade_0302,entrainement,1
malade_0303,entrainement,1
malade_0304,entrainement,1
malade_0305,entrainement,1
malade_0306,entrainement,1
malade_0307,entrainement,1
malade_0308,test,1
malade_0309,entrainement,1
malade_0310,entrainement,1
malade_0311,test,1
malade_0312,entrainement,1
malade_0313,entrainement,1
malade_0314,entrainement,1
malade_0315,entrainement,1
malade_0316,entrainement,1
malade_0317,entrainement,1
malade_0318,test,1
malade_0319,test,1
malade_0320,entrainement,1
malade_0321,entrainement,1
malade_0322,entrainement,1
malade_0323,entrainement,1
malade_0324,entrainement,1
malade_0325,test,1
malade_0326,entrainement,1
malade_0327,entrainement,1
malade_0328,entrainement,1
malade_0329,entrainement,1
malade_0330,entrainement,1
malade_0331,entrainement,1
malade_0332,entrainement,1
malade_0333,test,1
malade_0334,entrainement,1
malade_0335,entrainement,1
malade_0336,entrainement,1
malade_0337,entrainement,1
malade_0338,entrainement,1
malade_0339,entrainement,1
malade_0340,entrainement,1
malade_0341,entrainement,1
malade_0342,entrainement,1
malade_0343,entrainement,1
malade_0344,entrainement,1
malade_0345,entrainement,1
malade_0346,test,1
malade_0347,entrainement,1
malade_0348,entrainement,1
malade_0349,test,1
malade_0350,test,1
malade_0351,test,1
malade_0352,entrainement,1
malade_0353,entrainement,1
malade_0354,entrainement,1
malade_0355,test,1
malade_0356,entrainement,1
malade_0357,entrainement,1
malade_0358,entrainement,1
malade_0359,entrainement,1
malade_0360,entrainement,1
malade_0361,test,1
malade_0362,entrainement,1
malade_0363,entrainement,1
malade_0364,entrainement,1
malade_0365,test,1
malade_0366,entrainement,1
malade_0367,entrainement,1
malade_0368,entrainement,1
malade_0369,entrainement,1
malade_0370,test,1
malade_0371,entrainement,1
malade_0372,test,1
malade_0373,test,1
malade_0374,entrainement,1
malade_0375,entrainement,1
malade_0376,entrainement,1
malade_0377,entrainement,1
malade_0378,entrainement,1
malade_0379,entrainement,1
malade_0380,entrainement,1
malade_0381,entrainement,1
malade_0382,entrainement,1
malade_0383,entrainement,1
malade_0384,entrainement,1
malade_0385,test,1
malade_0386,entrainement,1
malade_0387,entrainement,1
malade_0388,entrainement,1
malade_0389,test,1
malade_0390,entrainement,1
malade_0391,entrainement,1
malade_0392,entrainement,1
malade_0393,entrainement,1
malade_0394,entrainement,1
malade_0395,entrainement,1
malade_0396,entrainement,1
malade_0397,entrainement,1
malade_0398,entrainement,1
malade_0399,entrainement,1
malade_0400,entrainement,1
