ID_Image,pct_rouille,rugosite,heterogeneite_saturation,label_malade
saine_0001,0.0,23.823932647705078,0.1198171079158783,0
saine_0002,0.0,34.0255126953125,0.06655742228031158,0
saine_0003,1.53656005859375,50.89287567138672,0.19326384365558624,0
saine_0004,0.0,39.78248977661133,0.11938636004924774,0
saine_0005,0.0,27.68035888671875,0.22264720499515533,0
saine_0006,0.00457763671875,36.85911560058594,0.127127006649971,0
saine_0007,0.01373291015625,17.004528045654297,0.1199541836977005,0
saine_0008,0.0,49.786651611328125,0.11134474724531174,0
saine_0009,0.0,21.130939483642578,0.08783596009016037,0
saine_0010,0.0,50.561683654785156,0.18018758296966553,0
saine_0011,0.0,37.42586135864258,0.12726156413555145,0
saine_0012,0.0,20.84315299987793,0.06728202104568481,0
saine_0013,0.0,28.776935577392578,0.12350702285766602,0
saine_0014,0.0,23.41215705871582,0.07774422317743301,0
saine_0015,0.0,18.09754180908203,0.06755734980106354,0
saine_0016,0.0,25.443218231201172,0.09780112653970718,0
saine_0017,0.0,35.82965087890625,0.08453743904829025,0
saine_0018,0.0,22.990428924560547,0.13782241940498352,0
saine_0019,0.0,31.77178192138672,0.1213608905673027,0
saine_0020,0.00762939453125,48.867462158203125,0.065860815346241,0
saine_0021,0.0,26.807052612304688,0.09502851217985153,0
saine_0022,0.0,29.66796112060547,0.07906362414360046,0
saine_0023,0.01373291015625,43.00767517089844,0.198430597782135,0
saine_0024,0.2410888671875,38.183631896972656,0.1846935749053955,0
saine_0025,0.0,28.413009643554688,0.07108849287033081,0
saine_0026,0.0,32.83872985839844,0.12617164850234985,0
saine_0027,0.0,65.44369506835938,0.12684379518032074,0
saine_0028,0.0,41.183353424072266,0.09500833600759506,0
saine_0029,0.0,20.994115829467773,0.10945944488048553,0
saine_0030,0.0,35.28723907470703,0.13450250029563904,0
saine_0031,0.90484619140625,35.27420425415039,0.16411875188350677,0
saine_0032,0.0,31.260082244873047,0.1132471039891243,0
saine_0033,0.0,34.215721130371094,0.10306485742330551,0
saine_0034,0.0,20.450191497802734,0.05509302020072937,0
saine_0035,0.0,35.12114715576172,0.10188942402601242,0
saine_0036,0.006103515625,38.608638763427734,0.16122624278068542,0
saine_0037,0.0,30.573225021362305,0.10336975753307343,0
saine_0038,0.0,16.745685577392578,0.08208603411912918,0
saine_0039,0.0,37.70260238647461,0.15568067133426666,0
saine_0040,0.0,17.5178279876709,0.11083707213401794,0
saine_0041,1.251220703125,38.36589431762695,0.18349647521972656,0
saine_0042,0.0,42.779483795166016,0.12786559760570526,0
saine_0043,0.0,22.579771041870117,0.08515243977308273,0
saine_0044,0.0,24.049985885620117,0.06132905185222626,0
saine_0045,0.03662109375,33.277099609375,0.09940788149833679,0
saine_0046,0.61798095703125,33.01174545288086,0.11357422173023224,0
saine_0047,0.0,30.636220932006836,0.08417018502950668,0
saine_0048,0.0,16.30666160583496,0.064214788377285,0
saine_0049,0.0,27.395822525024414,0.05063104256987572,0
saine_0050,0.091552734375,31.75649642944336,0.09351112693548203,0
saine_0051,0.0,23.763809204101562,0.10165167599916458,0
saine_0052,0.0,29.280719757080078,0.0842714011669159,0
saine_0053,0.0,32.60252380371094,0.10001180320978165,0
saine_0054,0.34637451171875,40.327308654785156,0.14108198881149292,0
saine_0055,0.0,29.448225021362305,0.09728724509477615,0
saine_0056,0.0,42.662818908691406,0.07103409618139267,0
saine_0057,0.44097900390625,45.78857421875,0.16406498849391937,0
saine_0058,2.18963623046875,39.0709228515625,0.2187902182340622,0
saine_0059,0.0,14.774703979492188,0.06601298600435257,0
saine_0060,0.00762939453125,34.28525161743164,0.10998906195163727,0
saine_0061,0.81024169921875,39.93171691894531,0.09317699819803238,0
saine_0062,0.0,55.47264862060547,0.13182803988456726,0
saine_0063,0.0,21.520423889160156,0.07007936388254166,0
saine_0064,0.0,18.318706512451172,0.09426036477088928,0
saine_0065,0.0,21.748531341552734,0.06611610949039459,0
saine_0066,0.0,40.51199722290039,0.14627042412757874,0
saine_0067,0.0,28.907211303710938,0.11019647121429443,0
saine_0068,0.00152587890625,35.88856887817383,0.16663624346256256,0
saine_0069,0.0,23.45985984802246,0.05085984617471695,0
saine_0070,0.0,45.2878303527832,0.20792192220687866,0
saine_0071,0.0,27.307628631591797,0.08122635632753372,0
saine_0072,0.0,19.477367401123047,0.06610371172428131,0
saine_0073,0.0,44.291542053222656,0.2113969326019287,0
saine_0074,0.1861572265625,42.431182861328125,0.12622343003749847,0
saine_0075,1.17340087890625,23.915420532226562,0.16272404789924622,0
saine_0076,0.0,46.316707611083984,0.14213532209396362,0
saine_0077,0.0,36.71232604980469,0.1170794889330864,0
saine_0078,0.0,34.31449890136719,0.03954128175973892,0
saine_0079,0.0,34.73461151123047,0.13140565156936646,0
saine_0080,0.0,23.23126983642578,0.08806975185871124,0
saine_0081,0.00762939453125,33.507904052734375,0.10114516317844391,0
saine_0082,0.0,23.164073944091797,0.05997105687856674,0
saine_0083,0.0,21.326431274414062,0.09193024039268494,0
saine_0084,0.0,35.311920166015625,0.1221354603767395,0
saine_0085,0.0030517578125,47.84817123413086,0.11095941811800003,0
saine_0086,0.0,34.72398376464844,0.10561031848192215,0
saine_0087,0.0,25.844572067260742,0.09044951945543289,0
saine_0088,0.0,27.538280487060547,0.0901910662651062,0
saine_0089,0.0,23.274169921875,0.05819333717226982,0
saine_0090,0.0,18.854473114013672,0.0970180556178093,0
saine_0091,0.0,25.103450775146484,0.09262339770793915,0
saine_0092,0.0,22.42121696472168,0.07102670520544052,0
saine_0093,0.0,29.03366470336914,0.040216632187366486,0
saine_0094,0.0,24.15119171142578,0.04065758362412453,0
saine_0095,0.0,23.468002319335938,0.05774300917983055,0
saine_0096,0.0,27.122278213500977,0.08242027461528778,0
saine_0097,0.0,17.93950653076172,0.10433116555213928,0
saine_0098,0.09002685546875,19.008176803588867,0.05793894827365875,0
saine_0099,0.0,57.310821533203125,0.13433755934238434,0
saine_0100,0.0,23.254159927368164,0.04969792440533638,0
saine_0101,0.0,27.382091522216797,0.08644711226224899,0
saine_0102,0.1373291015625,31.393863677978516,0.1200401559472084,0
saine_0103,0.0,19.06855010986328,0.0446518212556839,0
saine_0104,0.0,46.57708740234375,0.16610155999660492,0
saine_0105,0.02899169921875,40.48089599609375,0.24810463190078735,0
saine_0106,0.0,32.96150207519531,0.06217815726995468,0
saine_0107,0.030517578125,17.79074478149414,0.125056654214859,0
saine_0108,0.0,29.95490264892578,0.13319329917430878,0
saine_0109,0.030517578125,50.562538146972656,0.16654729843139648,0
saine_0110,0.0,22.704845428466797,0.06762942671775818,0
saine_0111,0.0,36.165836334228516,0.07291730493307114,0
saine_0112,0.0,29.469696044921875,0.05821365863084793,0
saine_0113,1.02386474609375,35.07941436767578,0.08942687511444092,0
saine_0114,0.0,16.60411834716797,0.0635211244225502,0
saine_0115,0.0,22.109996795654297,0.1479305773973465,0
saine_0116,0.0,28.429391860961914,0.08609110116958618,0
saine_0117,0.01220703125,27.363441467285156,0.10660243779420853,0
saine_0118,0.0,43.14439010620117,0.18409781157970428,0
saine_0119,0.03814697265625,29.1881103515625,0.12462514638900757,0
saine_0120,0.44403076171875,41.1135139465332,0.12400714308023453,0
saine_0121,0.0,23.2821044921875,0.09248778223991394,0
saine_0122,0.0,32.60417938232422,0.05807686969637871,0
saine_0123,0.0,48.920753479003906,0.1482555866241455,0
saine_0124,0.0,16.76486587524414,0.03659335523843765,0
saine_0125,0.091552734375,22.573862075805664,0.13288700580596924,0
saine_0126,0.0,44.586585998535156,0.111992247402668,0
saine_0127,0.44403076171875,21.14615249633789,0.05709037184715271,0
saine_0128,0.0,24.368173599243164,0.06280229240655899,0
saine_0129,0.0,34.96371841430664,0.1576792150735855,0
saine_0130,0.01220703125,39.83209991455078,0.1433849185705185,0
saine_0131,0.0,35.90315628051758,0.10195356607437134,0
saine_0132,0.0,23.768123626708984,0.11211220175027847,0
saine_0133,0.02899169921875,33.92000198364258,0.13941918313503265,0
saine_0134,0.0,25.720638275146484,0.19030903279781342,0
saine_0135,0.0,24.486408233642578,0.08880805969238281,0
saine_0136,0.2899169921875,45.852134704589844,0.16664160788059235,0
saine_0137,0.0,22.152507781982422,0.10595868527889252,0
saine_0138,0.0,32.01264572143555,0.12929211556911469,0
saine_0139,0.01678466796875,25.71133041381836,0.09159751981496811,0
saine_0140,0.0,32.99829864501953,0.08669031411409378,0
saine_0141,0.0,33.945457458496094,0.19740809500217438,0
saine_0142,0.0,34.25990676879883,0.12658575177192688,0
saine_0143,0.0,29.672887802124023,0.08547737449407578,0
saine_0144,0.0,24.517379760742188,0.04228735715150833,0
saine_0145,0.0,23.66221046447754,0.057540230453014374,0
saine_0146,0.00457763671875,24.650249481201172,0.05393355339765549,0
saine_0147,0.00762939453125,41.81982421875,0.15533262491226196,0
saine_0148,0.0,26.3243408203125,0.06798037141561508,0
saine_0149,0.0,23.52996826171875,0.07912133634090424,0
saine_0150,0.0,29.500186920166016,0.06131616234779358,0
saine_0151,0.0,22.77874183654785,0.07255581021308899,0
saine_0152,0.05340576171875,51.99785614013672,0.18625769019126892,0
saine_0153,0.0,32.59918975830078,0.07737754285335541,0
saine_0154,0.40435791015625,54.014503479003906,0.11532251536846161,0
saine_0155,0.0,24.924171447753906,0.029494084417819977,0
saine_0156,0.0,34.125221252441406,0.23175181448459625,0
saine_0157,0.128173828125,29.614383697509766,0.14398963749408722,0
saine_0158,0.12664794921875,35.76106262207031,0.11178851872682571,0
saine_0159,0.0,43.95862579345703,0.12932783365249634,0
saine_0160,0.0,33.5143928527832,0.13803412020206451,0
saine_0161,0.0,25.08390235900879,0.10063380002975464,0
saine_0162,0.00152587890625,28.707597732543945,0.12056893110275269,0
saine_0163,0.25634765625,33.13087463378906,0.12273112684488297,0
saine_0164,0.0,30.27730941772461,0.10260804742574692,0
saine_0165,0.0,12.113786697387695,0.06708141416311264,0
saine_0166,0.2197265625,48.05451965332031,0.20669981837272644,0
saine_0167,1.06658935546875,35.81311798095703,0.1298701912164688,0
saine_0168,0.0,44.192108154296875,0.11206614226102829,0
saine_0169,0.09765625,26.816768646240234,0.13599713146686554,0
saine_0170,0.0,23.064193725585938,0.06573925167322159,0
saine_0171,0.09918212890625,28.734722137451172,0.14297284185886383,0
saine_0172,0.0,42.86125183105469,0.05404892563819885,0
saine_0173,0.01220703125,31.97469711303711,0.11415491253137589,0
saine_0174,0.0,40.57164001464844,0.14473535120487213,0
saine_0175,0.018310546875,28.474563598632812,0.12483435869216919,0
saine_0176,0.152587890625,24.239377975463867,0.10313911736011505,0
saine_0177,0.0,26.251779556274414,0.08630594611167908,0
saine_0178,0.0,53.07072448730469,0.1784217655658722,0
saine_0179,0.0,27.203678131103516,0.06989294290542603,0
saine_0180,0.0,29.474506378173828,0.08806778490543365,0
saine_0181,0.0,27.473262786865234,0.06627319753170013,0
saine_0182,1.25274658203125,30.412403106689453,0.15736395120620728,0
saine_0183,0.0030517578125,33.602176666259766,0.11058705300092697,0
saine_0184,0.0,50.07576370239258,0.08502116799354553,0
saine_0185,0.0,31.928741455078125,0.08753222972154617,0
saine_0186,0.29754638671875,39.05847930908203,0.11100971698760986,0
saine_0187,0.0,28.66604232788086,0.0831286683678627,0
saine_0188,0.030517578125,47.533851623535156,0.10058718174695969,0
saine_0189,0.53863525390625,35.34608459472656,0.11809433251619339,0
saine_0190,0.0,26.547338485717773,0.06326434761285782,0
saine_0191,0.0,19.132869720458984,0.10858330130577087,0
saine_0192,0.0579833984375,38.25153350830078,0.16467414796352386,0
saine_0193,0.0,24.633455276489258,0.0515780933201313,0
saine_0194,0.0,25.89617919921875,0.07983335852622986,0
saine_0195,0.0,29.92930793762207,0.15199249982833862,0
saine_0196,0.0,58.50294494628906,0.2323068231344223,0
saine_0197,0.0,42.56989669799805,0.23039191961288452,0
saine_0198,0.0,16.658607482910156,0.047762397676706314,0
saine_0199,0.0,15.289655685424805,0.10617633163928986,0
saine_0200,0.0,8.71198844909668,0.06427539139986038,0
saine_0201,0.0,44.975040435791016,0.114201121032238,0
saine_0202,0.103759765625,29.74663543701172,0.11041966825723648,0
saine_0203,0.17852783203125,40.27775192260742,0.12175069749355316,0
saine_0204,1.9775390625,40.611602783203125,0.10721594095230103,0
saine_0205,0.0,34.326995849609375,0.10767097026109695,0
saine_0206,0.08697509765625,38.355186462402344,0.16626796126365662,0
saine_0207,0.0,42.988121032714844,0.11033664643764496,0
saine_0208,0.0,29.05257797241211,0.1874755173921585,0
saine_0209,0.0,25.14246368408203,0.07215329259634018,0
saine_0210,0.0,26.79940414428711,0.15915438532829285,0
saine_0211,0.0,40.02981185913086,0.1536867916584015,0
saine_0212,6.788287500198813,55.85026550292969,0.18253940343856812,0
saine_0213,0.006103515625,19.639360427856445,0.1278507262468338,0
saine_0214,0.0,21.739700317382812,0.06489228457212448,0
saine_0215,0.0,46.18165969848633,0.17400217056274414,0
saine_0216,0.0,38.93208312988281,0.14557769894599915,0
saine_0217,0.0,41.99481964111328,0.13231799006462097,0
saine_0218,0.19378662109375,36.752037048339844,0.13613462448120117,0
saine_0219,0.0,53.75863265991211,0.175085186958313,0
saine_0220,0.0030517578125,28.33436393737793,0.1776333898305893,0
saine_0221,0.0,47.494056701660156,0.1261848360300064,0
saine_0222,0.0,40.50120544433594,0.07553911209106445,0
saine_0223,0.164794921875,39.752376556396484,0.14696569740772247,0
saine_0224,0.0,36.31621551513672,0.09612640738487244,0
saine_0225,0.0,24.32179069519043,0.08382731676101685,0
saine_0226,0.0,29.98943519592285,0.11315467953681946,0
saine_0227,0.0152587890625,45.43301010131836,0.14051097631454468,0
saine_0228,0.0,15.236726760864258,0.05820704624056816,0
saine_0229,0.0,54.681304931640625,0.15445217490196228,0
saine_0230,0.0,34.38817596435547,0.13323937356472015,0
saine_0231,0.13275146484375,38.30397033691406,0.18505702912807465,0
saine_0232,0.0,36.92923355102539,0.11969693750143051,0
saine_0233,0.0,22.0166015625,0.06839621067047119,0
saine_0234,0.0,26.584095001220703,0.17011049389839172,0
saine_0235,0.10833740234375,34.29898452758789,0.0988333597779274,0
saine_0236,0.0,61.53266906738281,0.19747883081436157,0
saine_0237,0.0,23.11546516418457,0.11724507808685303,0
saine_0238,0.0,38.23737335205078,0.11885255575180054,0
saine_0239,0.0,24.196533203125,0.1267312914133072,0
saine_0240,0.0,41.86064147949219,0.1133207380771637,0
saine_0241,0.030517578125,26.470842361450195,0.11593932658433914,0
saine_0242,2.8106689453125,22.870155334472656,0.08931750804185867,0
saine_0243,0.0213623046875,25.293344497680664,0.12616890668869019,0
saine_0244,0.0091552734375,45.45530319213867,0.13586777448654175,0
saine_0245,0.0,40.55769729614258,0.07829086482524872,0
saine_0246,0.0,75.77910614013672,0.12952299416065216,0
saine_0247,0.0,32.107513427734375,0.13609084486961365,0
saine_0248,0.0,34.01023864746094,0.05671442672610283,0
saine_0249,0.04119873046875,39.5806999206543,0.16388732194900513,0
saine_0250,0.12664794921875,33.8374137878418,0.16145439445972443,0
saine_0251,0.0,44.59630584716797,0.10892797261476517,0
saine_0252,0.030517578125,24.133865356445312,0.11482331901788712,0
saine_0253,0.02288818359375,47.39623260498047,0.13002566993236542,0
saine_0254,0.0,28.30154800415039,0.02926446683704853,0
saine_0255,0.0,55.48070526123047,0.11094816774129868,0
saine_0256,0.0,40.93121337890625,0.08925021439790726,0
saine_0257,0.0,32.42317199707031,0.12276547402143478,0
saine_0258,0.01983642578125,36.432769775390625,0.13602542877197266,0
saine_0259,0.5767822265625,32.65655517578125,0.18913407623767853,0
saine_0260,0.0,40.164215087890625,0.19289420545101166,0
saine_0261,0.146484375,33.247825622558594,0.11933714896440506,0
saine_0262,0.38604736328125,33.89210510253906,0.15035532414913177,0
saine_0263,2.72216796875,43.102256774902344,0.15729884803295135,0
saine_0264,0.55999755859375,50.93402099609375,0.1015545129776001,0
saine_0265,0.0,19.326091766357422,0.08034111559391022,0
saine_0266,0.341796875,33.59953308105469,0.1500881314277649,0
saine_0267,0.0,25.538610458374023,0.1433505266904831,0
saine_0268,0.0091552734375,40.07257843017578,0.10131601244211197,0
saine_0269,0.0,28.128833770751953,0.16410836577415466,0
saine_0270,0.11749267578125,25.33888053894043,0.06637077033519745,0
saine_0271,0.0,32.44538116455078,0.1839643120765686,0
saine_0272,0.0,51.568450927734375,0.09700960665941238,0
saine_0273,0.01678466796875,24.145648956298828,0.05735769495368004,0
saine_0274,0.48828125,36.01258087158203,0.12049735337495804,0
saine_0275,0.0152587890625,28.782798767089844,0.12631137669086456,0
saine_0276,0.0,21.588489532470703,0.10379865020513535,0
saine_0277,0.0,33.577720642089844,0.1359058916568756,0
saine_0278,0.37841796875,43.74923324584961,0.13885192573070526,0
saine_0279,0.0,26.95558738708496,0.07501724362373352,0
saine_0280,0.0579833984375,45.810882568359375,0.2067265808582306,0
saine_0281,0.01983642578125,59.66673278808594,0.21335697174072266,0
saine_0282,0.0,31.970230102539062,0.18062575161457062,0
saine_0283,0.0,31.018312454223633,0.08061788976192474,0
saine_0284,0.0,32.5577392578125,0.057082079350948334,0
saine_0285,0.0,22.496301651000977,0.05370732769370079,0
saine_0286,0.06561279296875,33.545433044433594,0.13294225931167603,0
saine_0287,0.0,20.149864196777344,0.08878988772630692,0
saine_0288,0.0,20.245567321777344,0.12654252350330353,0
saine_0289,0.006103515625,46.33583068847656,0.10058917105197906,0
saine_0290,1.22222900390625,26.69081687927246,0.15407255291938782,0
saine_0291,0.0,13.787989616394043,0.08583138138055801,0
saine_0292,0.01220703125,25.336803436279297,0.12156973779201508,0
saine_0293,2.43682861328125,46.38744354248047,0.1447397619485855,0
saine_0294,0.0,33.51397705078125,0.11480605602264404,0
saine_0295,0.14801025390625,56.44794464111328,0.14653411507606506,0
saine_0296,0.02899169921875,39.26795196533203,0.1060984879732132,0
saine_0297,0.0,29.011524200439453,0.08376948535442352,0
saine_0298,2.5482177734375,27.031415939331055,0.0884234681725502,0
saine_0299,0.164794921875,27.748897552490234,0.12456486374139786,0
saine_0300,0.3143310546875,28.380512237548828,0.15571129322052002,0
saine_0301,0.0,26.296960830688477,0.059669408947229385,0
saine_0302,0.0,17.515344619750977,0.05771432816982269,0
saine_0303,0.0,38.91139221191406,0.12883730232715607,0
saine_0304,0.0244140625,33.95773696899414,0.2036149948835373,0
saine_0305,0.152587890625,38.87839126586914,0.11289555579423904,0
saine_0306,0.006103515625,42.17420959472656,0.16826875507831573,0
saine_0307,0.0,31.321247100830078,0.05835957080125809,0
saine_0308,0.03204345703125,31.588878631591797,0.13344532251358032,0
saine_0309,0.0,24.93929672241211,0.06231100484728813,0
saine_0310,0.1953125,24.012887954711914,0.10852810740470886,0
saine_0311,0.0,35.07284164428711,0.08300899714231491,0
saine_0312,0.0,23.406173706054688,0.09083978086709976,0
saine_0313,0.0,30.61200714111328,0.12842819094657898,0
saine_0314,0.37841796875,25.1339111328125,0.1302841305732727,0
saine_0315,0.830078125,35.525901794433594,0.12639720737934113,0
saine_0316,0.0,34.0461540222168,0.07592124491930008,0
saine_0317,0.01220703125,42.27688980102539,0.12309972196817398,0
saine_0318,0.0,22.81763458251953,0.18883170187473297,0
saine_0319,0.05035400390625,34.15839385986328,0.12233211100101471,0
saine_0320,0.0,41.440277099609375,0.18638555705547333,0
saine_0321,0.05340576171875,34.13036346435547,0.1610695719718933,0
saine_0322,0.0,14.594429016113281,0.07388175278902054,0
saine_0323,0.0,35.6575813293457,0.10499340295791626,0
saine_0324,0.02593994140625,30.613807678222656,0.10366040468215942,0
saine_0325,1.5380859375,45.23851776123047,0.12349026650190353,0
saine_0326,0.74310302734375,21.371362686157227,0.11014020442962646,0
saine_0327,0.0,13.898487091064453,0.10077360272407532,0
saine_0328,0.46539306640625,32.09453582763672,0.08593747019767761,0
saine_0329,0.0,30.12737274169922,0.15538565814495087,0
saine_0330,0.00457763671875,30.55530548095703,0.08795467764139175,0
saine_0331,0.00762939453125,48.91487503051758,0.13766302168369293,0
saine_0332,0.0,17.86425018310547,0.09094612300395966,0
saine_0333,0.0,35.95674514770508,0.19339539110660553,0
saine_0334,0.0,30.364282608032227,0.07462524622678757,0
saine_0335,0.0244140625,33.611656188964844,0.12351083755493164,0
saine_0336,0.0,42.346466064453125,0.11819548904895782,0
saine_0337,0.0,40.753173828125,0.12288260459899902,0
saine_0338,0.19378662109375,22.3572998046875,0.0635843276977539,0
saine_0339,0.01373291015625,38.95216369628906,0.1091514304280281,0
saine_0340,0.03662109375,31.08884048461914,0.08686714619398117,0
saine_0341,0.006103515625,18.901033401489258,0.07944143563508987,0
saine_0342,0.0,31.346473693847656,0.08527009934186935,0
saine_0343,0.21820068359375,29.99544334411621,0.1398586481809616,0
saine_0344,0.0,18.9569034576416,0.054373547434806824,0
saine_0345,0.0,29.705604553222656,0.07479239255189896,0
saine_0346,3.82080078125,25.93181610107422,0.09839674830436707,0
saine_0347,0.0,41.35960006713867,0.08710398524999619,0
saine_0348,0.0,27.41170310974121,0.1305798888206482,0
saine_0349,0.20294189453125,40.67777633666992,0.1314568966627121,0
saine_0350,0.0,24.810741424560547,0.0826147049665451,0
saine_0351,0.0,36.98655700683594,0.08352411538362503,0
saine_0352,0.0,30.596435546875,0.08401300013065338,0
saine_0353,0.0,22.74751853942871,0.09295124560594559,0
saine_0354,0.0,19.318714141845703,0.0616224929690361,0
saine_0355,0.0,30.059898376464844,0.14559228718280792,0
saine_0356,0.0,52.180198669433594,0.13620023429393768,0
saine_0357,0.0,22.488555908203125,0.13835011422634125,0
saine_0358,0.0,14.012284278869629,0.042010027915239334,0
saine_0359,0.0,44.49043273925781,0.08188817650079727,0
saine_0360,0.0,18.849992752075195,0.05783580243587494,0
saine_0361,0.0,30.54762840270996,0.1123165488243103,0
saine_0362,0.0,29.015840530395508,0.048203617334365845,0
saine_0363,0.0,43.97776412963867,0.08602350205183029,0
saine_0364,0.05340576171875,33.95280838012695,0.0969788059592247,0
saine_0365,0.0030517578125,24.409944534301758,0.07698599994182587,0
saine_0366,0.0,18.582487106323242,0.033017490059137344,0
saine_0367,0.0,26.32843017578125,0.07006457448005676,0
saine_0368,0.0,33.571144104003906,0.18058791756629944,0
saine_0369,0.0,48.35985565185547,0.13450103998184204,0
saine_0370,0.0,38.30232238769531,0.11765014380216599,0
saine_0371,0.0,23.85760498046875,0.05690837278962135,0
saine_0372,0.13580322265625,29.657751083374023,0.09195693582296371,0
saine_0373,0.0,24.478464126586914,0.0773787572979927,0
saine_0374,0.0,32.67969512939453,0.18305954337120056,0
saine_0375,0.0,28.900758743286133,0.12323064357042313,0
saine_0376,0.02288818359375,24.425521850585938,0.09245529770851135,0
saine_0377,0.0518798828125,33.048309326171875,0.08710790425539017,0
saine_0378,0.0,27.796035766601562,0.0478898249566555,0
saine_0379,0.0,27.401683807373047,0.03847692906856537,0
saine_0380,0.0,44.46388244628906,0.14235155284404755,0
saine_0381,0.0,30.632211685180664,0.10270925611257553,0
saine_0382,0.0,18.5798282623291,0.07552540302276611,0
saine_0383,0.0,36.713768005371094,0.057635948061943054,0
saine_0384,0.0,23.96548080444336,0.08218291401863098,0
saine_0385,0.0,45.10467529296875,0.2628016173839569,0
saine_0386,0.05035400390625,25.931196212768555,0.054522205144166946,0
saine_0387,0.0,50.375572204589844,0.17053212225437164,0
saine_0388,0.03509521484375,43.36260223388672,0.1875307559967041,0
saine_0389,0.0,26.593318939208984,0.06972507387399673,0
saine_0390,0.01678466796875,41.46092224121094,0.10351260751485825,0
saine_0391,0.0,37.118228912353516,0.1206757128238678,0
saine_0392,0.40740966796875,30.909717559814453,0.16020800173282623,0
saine_0393,0.0,43.59748077392578,0.16353018581867218,0
saine_0394,0.067138671875,35.20051574707031,0.10574343055486679,0
saine_0395,0.13885498046875,34.28597640991211,0.1701202392578125,0
saine_0396,0.32196044921875,47.7332763671875,0.17657160758972168,0
saine_0397,0.0,37.813758850097656,0.11854129284620285,0
saine_0398,0.0,34.74931716918945,0.1562306135892868,0
saine_0399,0.0,26.615875244140625,0.15528450906276703,0
saine_0400,0.24871826171875,26.767934799194336,0.11532437056303024,0
malade_0001,10.950090979984404,48.56923294067383,0.13247740268707275,1
malade_0002,23.96261831542793,43.43141555786133,0.13245852291584015,1
malade_0003,13.176899419068231,39.14480209350586,0.1464977115392685,1
malade_0004,3.381228232905721,41.627437591552734,0.1378752887248993,1
malade_0005,7.331830311953621,35.32229995727539,0.11421698331832886,1
malade_0006,17.872626244122856,62.108314514160156,0.1640152484178543,1
malade_0007,11.662267987712543,46.48495101928711,0.17068877816200256,1
malade_0008,21.00455016601957,49.003849029541016,0.16738851368427277,1
malade_0009,28.468201606750146,64.91036224365234,0.21667823195457458,1
malade_0010,9.392892742066344,50.862403869628906,0.14850923418998718,1
malade_0011,24.666809974204643,56.56771469116211,0.15431322157382965,1
malade_0012,6.1162415713866904,48.24967956542969,0.11182340979576111,1
malade_0013,2.7131455597314305,40.74270248413086,0.13739483058452606,1
malade_0014,13.043930605768981,51.670921325683594,0.1644158661365509,1
malade_0015,22.07056101792944,49.734561920166016,0.13299784064292908,1
malade_0016,4.4511483067341375,34.86958312988281,0.11654555052518845,1
malade_0017,4.314763821224317,39.346046447753906,0.10454786568880081,1
malade_0018,12.705582181153673,49.39912033081055,0.1152086853981018,1
malade_0019,15.815700283960796,42.84596252441406,0.3056219816207886,1
malade_0020,10.86055443586721,48.97645950317383,0.11666540801525116,1
malade_0021,13.414358492862483,45.63807678222656,0.10031162947416306,1
malade_0022,6.439972752545244,44.4343376159668,0.14965763688087463,1
malade_0023,25.44605015609171,47.60035705566406,0.12075451761484146,1
malade_0024,1.2637867647058822,43.03938674926758,0.20024754106998444,1
malade_0025,39.855667430102415,49.484893798828125,0.20775771141052246,1
malade_0026,3.8661594596692805,43.206546783447266,0.15225212275981903,1
malade_0027,2.3373749481351713,37.953819274902344,0.17583955824375153,1
malade_0028,34.35384416368419,47.76921844482422,0.19316303730010986,1
malade_0029,18.302755785627284,46.31667709350586,0.26347658038139343,1
malade_0030,25.598288340641343,49.589622497558594,0.1720416396856308,1
malade_0031,18.68983760746565,51.84571838378906,0.12937061488628387,1
malade_0032,19.900235806276076,50.521827697753906,0.11405342817306519,1
malade_0033,31.61231177342592,53.534603118896484,0.1506619155406952,1
malade_0034,35.41016179392563,53.06388473510742,0.13349303603172302,1
malade_0035,21.487534912589222,55.579532623291016,0.1860228180885315,1
malade_0036,11.911523272840219,50.55458450317383,0.19603921473026276,1
malade_0037,35.261367151252706,65.57245635986328,0.1760106086730957,1
malade_0038,8.991873234103288,39.54533386230469,0.18655246496200562,1
malade_0039,4.593833802488465,41.67070388793945,0.15391236543655396,1
malade_0040,13.246575892677832,36.42621612548828,0.2320302426815033,1
malade_0041,2.587569681337882,47.52702713012695,0.2097310721874237,1
malade_0042,5.179555456932579,43.34468078613281,0.159256249666214,1
malade_0043,3.9608491165628577,39.026241302490234,0.2105189859867096,1
malade_0044,0.8582020768899904,37.35207748413086,0.256120502948761,1
malade_0045,4.828969961221616,43.48426818847656,0.13640497624874115,1
malade_0046,22.862807604089724,56.000160217285156,0.14102251827716827,1
malade_0047,25.700257274341414,41.68633270263672,0.18772192299365997,1
malade_0048,37.415219961421194,55.406124114990234,0.14247100055217743,1
malade_0049,5.876386944968457,45.19443893432617,0.14874401688575745,1
malade_0050,8.088511063882985,40.675025939941406,0.1598016321659088,1
malade_0051,47.9936351210755,54.54230499267578,0.12930640578269958,1
malade_0052,53.403172583787224,56.11042404174805,0.14875638484954834,1
malade_0053,14.052888704286081,45.425865173339844,0.09475412964820862,1
malade_0054,11.01465002712968,45.237693786621094,0.10295195132493973,1
malade_0055,2.7947058981449167,34.75770568847656,0.1533021330833435,1
malade_0056,7.740145604855978,56.37879943847656,0.13102878630161285,1
malade_0057,41.70929018789144,53.26832962036133,0.12163855880498886,1
malade_0058,13.969229399060406,51.587493896484375,0.13502174615859985,1
malade_0059,9.815086945873132,48.87645721435547,0.2340202033519745,1
malade_0060,3.614868463095111,46.439697265625,0.2081540822982788,1
malade_0061,42.85083733610282,48.29002380371094,0.13242600858211517,1
malade_0062,13.95543466889842,46.15032958984375,0.147126704454422,1
malade_0063,5.154471874556261,45.114200592041016,0.16282492876052856,1
malade_0064,2.031793583301121,38.6453857421875,0.10711701959371567,1
malade_0065,38.29908540206675,66.5265884399414,0.15084485709667206,1
malade_0066,17.68893862509406,62.34077453613281,0.1340073049068451,1
malade_0067,28.058282525576107,63.39165496826172,0.15399813652038574,1
malade_0068,56.98909005820585,63.751041412353516,0.16473351418972015,1
malade_0069,10.949328926505729,44.63396072387695,0.103448286652565,1
malade_0070,13.003881299471287,44.26980209350586,0.14847132563591003,1
malade_0071,63.52625685153534,59.61051940917969,0.17160944640636444,1
malade_0072,35.770871419865934,48.0714111328125,0.16620992124080658,1
malade_0073,5.122741220593249,35.00288391113281,0.15087325870990753,1
malade_0074,6.356968215158925,51.40673065185547,0.15109822154045105,1
malade_0075,12.260370410484134,45.12860107421875,0.18970124423503876,1
malade_0076,64.10808892494106,61.46583557128906,0.1663142591714859,1
malade_0077,7.6398678159591435,48.407470703125,0.1256261020898819,1
malade_0078,0.21675648011560344,40.024051666259766,0.11944953352212906,1
malade_0079,13.560391043834752,39.55786895751953,0.16781097650527954,1
malade_0080,48.02476751890694,54.592655181884766,0.14601057767868042,1
malade_0081,17.269843696258647,55.12221908569336,0.12293224781751633,1
malade_0082,5.955507666060565,43.04454040527344,0.17606259882450104,1
malade_0083,8.575750209329335,47.032222747802734,0.18005619943141937,1
malade_0084,9.59979230738507,42.92900848388672,0.17301040887832642,1
malade_0085,4.48011865552817,38.15993118286133,0.10075770318508148,1
malade_0086,2.192425184504339,41.412330627441406,0.1356799602508545,1
malade_0087,11.282895381419866,37.70708084106445,0.15830162167549133,1
malade_0088,26.54207865960489,50.87741470336914,0.1284739226102829,1
malade_0089,7.496957256262602,41.53562545776367,0.1135140135884285,1
malade_0090,50.80094470400986,60.66812515258789,0.13775938749313354,1
malade_0091,11.029493848936122,48.55224609375,0.18649934232234955,1
malade_0092,24.00525833939764,42.77410125732422,0.13513769209384918,1
malade_0093,37.286417607877205,55.52864456176758,0.11767665296792984,1
malade_0094,2.8500046266308874,43.750732421875,0.1532362997531891,1
malade_0095,38.647387416381235,49.97665786743164,0.2160266786813736,1
malade_0096,4.726423487544484,33.72300338745117,0.20694223046302795,1
malade_0097,6.949918491157838,45.47953796386719,0.13166449964046478,1
malade_0098,5.536789842096695,39.062835693359375,0.16852112114429474,1
malade_0099,10.140334993209597,42.155948638916016,0.10626707971096039,1
malade_0100,47.94775585025635,46.71384048461914,0.1574568897485733,1
malade_0101,6.625188158554942,48.786346435546875,0.22053654491901398,1
malade_0102,31.19562467155842,55.118431091308594,0.18701621890068054,1
malade_0103,7.15547703180212,39.99911880493164,0.1416473686695099,1
malade_0104,10.176111989162338,38.46666717529297,0.10888111591339111,1
malade_0105,17.2399039718571,51.74015426635742,0.23111794888973236,1
malade_0106,7.700186410471762,45.246482849121094,0.10759387165307999,1
malade_0107,5.976802259095895,36.99805450439453,0.13823188841342926,1
malade_0108,0.9635251112523839,43.197811126708984,0.12048706412315369,1
malade_0109,18.732018351001788,45.21855163574219,0.10990950465202332,1
malade_0110,50.149319765512665,66.11952209472656,0.14534659683704376,1
malade_0111,6.401791135397692,40.274295806884766,0.13653884828090668,1
malade_0112,3.3973801428533776,39.63554763793945,0.1969662457704544,1
malade_0113,31.495004349774604,50.10041427612305,0.1920127272605896,1
malade_0114,37.90127718329306,48.76661682128906,0.15551263093948364,1
malade_0115,0.6407574589893207,32.488590240478516,0.08512384444475174,1
malade_0116,8.140124859367761,38.26022720336914,0.17360010743141174,1
malade_0117,2.4759621265872336,50.787967681884766,0.13155138492584229,1
malade_0118,4.453571346625978,39.83430480957031,0.14806200563907623,1
malade_0119,20.723634883571474,46.31633758544922,0.13810427486896515,1
malade_0120,1.626594022661771,36.12079620361328,0.1992505043745041,1
malade_0121,6.518789451949737,37.247642517089844,0.17116110026836395,1
malade_0122,6.5024020417354755,40.62311935424805,0.16499729454517365,1
malade_0123,46.035254164196,56.6943473815918,0.1910531371831894,1
malade_0124,2.6140277528917557,38.73893737792969,0.15607404708862305,1
malade_0125,16.578807370508294,44.89035415649414,0.1245199590921402,1
malade_0126,7.614878724439087,46.752079010009766,0.14576295018196106,1
malade_0127,4.3923296190722985,40.9870719909668,0.12164175510406494,1
malade_0128,11.205780591710406,37.690704345703125,0.14385627210140228,1
malade_0129,7.221361264005415,38.80899429321289,0.20308315753936768,1
malade_0130,2.7103779494675297,34.51313781738281,0.16921231150627136,1
malade_0131,0.8734161643498586,29.51411247253418,0.07740256935358047,1
malade_0132,17.43674112522013,43.859432220458984,0.2211553305387497,1
malade_0133,3.9537923346019297,41.9260368347168,0.15219083428382874,1
malade_0134,8.660598910051126,40.743282318115234,0.12245166301727295,1
malade_0135,34.432888780129694,45.10038757324219,0.17667536437511444,1
malade_0136,2.342403676361083,47.14653396606445,0.2024638056755066,1
malade_0137,43.03901950975488,52.48834228515625,0.15977729856967926,1
malade_0138,20.383557417928483,41.48959732055664,0.14253704249858856,1
malade_0139,40.94822502653615,44.11979293823242,0.1299484372138977,1
malade_0140,11.298044774921765,47.9461555480957,0.1322556734085083,1
malade_0141,4.28531877867426,38.10945129394531,0.11174651980400085,1
malade_0142,23.742170135380885,55.027809143066406,0.20520509779453278,1
malade_0143,12.091018158895418,39.400638580322266,0.1737409383058548,1
malade_0144,29.018193671943443,46.52782440185547,0.12529712915420532,1
malade_0145,32.73133157693623,52.19467544555664,0.16108134388923645,1
malade_0146,14.002875065342394,42.181236267089844,0.12794539332389832,1
malade_0147,4.219545339383191,38.44504165649414,0.09835812449455261,1
malade_0148,0.8554982135768162,43.57121276855469,0.13370420038700104,1
malade_0149,4.200282022238147,37.0596923828125,0.09756158292293549,1
malade_0150,39.059700276918065,53.13852310180664,0.1578935831785202,1
malade_0151,1.3317011034094857,38.24334716796875,0.10767076164484024,1
malade_0152,25.583096842852076,41.715972900390625,0.14246031641960144,1
malade_0153,5.856813144123763,44.53311538696289,0.11617875099182129,1
malade_0154,2.943923336175742,41.94646072387695,0.1754152923822403,1
malade_0155,30.847792900298867,58.29457473754883,0.15217266976833344,1
malade_0156,2.4776644857019496,37.40694046020508,0.09912882000207901,1
malade_0157,6.922830097866196,40.4143180847168,0.11410006135702133,1
malade_0158,3.651742096976059,33.84955978393555,0.10062231123447418,1
malade_0159,20.437704984411063,38.692874908447266,0.16214588284492493,1
malade_0160,6.50157902651762,36.21818161010742,0.11858733743429184,1
malade_0161,8.838348070658222,41.56617736816406,0.34377792477607727,1
malade_0162,1.5315617090963227,41.847984313964844,0.12561623752117157,1
malade_0163,50.15448194430778,63.30109405517578,0.1259405016899109,1
malade_0164,30.636604774535808,57.493003845214844,0.18740510940551758,1
malade_0165,1.4363461743677302,38.73408126831055,0.2729411721229553,1
malade_0166,1.158073654390935,39.95379638671875,0.12093818932771683,1
malade_0167,12.756284153005465,41.18705749511719,0.183549702167511,1
malade_0168,10.06624236913885,38.90676498413086,0.2220294177532196,1
malade_0169,3.478487509523237,37.63336944580078,0.14724071323871613,1
malade_0170,0.7525636784651009,43.63637161254883,0.21574056148529053,1
malade_0171,5.882647191236056,35.80325698852539,0.20335836708545685,1
malade_0172,26.325227431770468,44.0663948059082,0.22544674575328827,1
malade_0173,46.699135360123584,54.35750198364258,0.14566202461719513,1
malade_0174,9.551452474450596,45.82135772705078,0.16586516797542572,1
malade_0175,20.114305582719428,49.12626647949219,0.18306691944599152,1
malade_0176,20.53693954439981,56.64464569091797,0.19154658913612366,1
malade_0177,6.188536803417105,37.98755645751953,0.1282610446214676,1
malade_0178,40.42031523642732,51.372642517089844,0.1198350191116333,1
malade_0179,37.74421962803807,49.4152946472168,0.11733682453632355,1
malade_0180,38.62507519120048,56.42230987548828,0.11715768277645111,1
malade_0181,11.073464852359875,46.19063186645508,0.12025967985391617,1
malade_0182,14.148754430250644,41.88203430175781,0.1434985250234604,1
malade_0183,2.884431709646609,35.34111404418945,0.08238893747329712,1
malade_0184,3.3846714663264375,32.17929458618164,0.14006511867046356,1
malade_0185,14.048560736392174,41.900535583496094,0.15828581154346466,1
malade_0186,12.16198419666374,44.12662887573242,0.15143872797489166,1
malade_0187,3.1439932422687846,36.48701858520508,0.1052270457148552,1
malade_0188,24.484218629715166,40.976531982421875,0.11213701963424683,1
malade_0189,8.868852459016393,31.410884857177734,0.19467681646347046,1
malade_0190,25.037846714392014,43.094730377197266,0.1383964866399765,1
malade_0191,6.90054295214445,44.712074279785156,0.21332886815071106,1
malade_0192,0.751956884383421,28.39547348022461,0.15580187737941742,1
malade_0193,30.034234326299117,44.97056198120117,0.12610465288162231,1
malade_0194,25.282567124267345,47.30698013305664,0.10645225644111633,1
malade_0195,32.03279615493356,55.710697174072266,0.1531279981136322,1
malade_0196,4.577606436473349,46.35007858276367,0.09225234389305115,1
malade_0197,3.9498337356312136,42.19905090332031,0.10237959772348404,1
malade_0198,5.9306690218591305,42.08442687988281,0.2136286199092865,1
malade_0199,4.054307311080107,39.7302131652832,0.17203392088413239,1
malade_0200,0.898954277676988,45.1808967590332,0.14936023950576782,1
malade_0201,9.158110882956878,50.19942092895508,0.18001632392406464,1
malade_0202,3.0748534640146055,40.10643005371094,0.20157594978809357,1
malade_0203,4.720003609945399,41.3254280090332,0.25059017539024353,1
malade_0204,41.07430099947586,41.03410339355469,0.11693736165761948,1
malade_0205,15.780108438527078,41.36844253540039,0.17464230954647064,1
malade_0206,4.202284450994841,36.19816589355469,0.17416423559188843,1
malade_0207,13.611119188159693,51.270259857177734,0.1702171415090561,1
malade_0208,31.830362344168705,51.393653869628906,0.15387582778930664,1
malade_0209,21.27057991930021,49.880218505859375,0.19967657327651978,1
malade_0210,17.35225001647157,41.96713638305664,0.14641700685024261,1
malade_0211,3.6583370345262862,38.56660079956055,0.16654445230960846,1
malade_0212,40.00691164612372,53.38646697998047,0.12271633744239807,1
malade_0213,3.0612779787178277,44.63579177856445,0.18560276925563812,1
malade_0214,12.773876404494382,44.44913864135742,0.09975194185972214,1
malade_0215,32.38368477017836,39.31879806518555,0.1636144369840622,1
malade_0216,33.010994207353114,45.9696044921875,0.16748349368572235,1
malade_0217,84.40467730473544,57.62161636352539,0.1641501635313034,1
malade_0218,63.56673638318556,50.45590591430664,0.15658292174339294,1
malade_0219,24.40073265907462,47.4160270690918,0.15250372886657715,1
malade_0220,35.10666315512246,45.369083404541016,0.1654859036207199,1
malade_0221,55.45462937321148,55.43029022216797,0.13071972131729126,1
malade_0222,26.608223857727765,44.51277160644531,0.10567374527454376,1
malade_0223,27.44692499543768,46.97648239135742,0.1617368459701538,1
malade_0224,63.30811631072728,69.32615661621094,0.15173493325710297,1
malade_0225,15.433040078201369,44.0497932434082,0.15734387934207916,1
malade_0226,1.9759014912879707,42.103973388671875,0.19165673851966858,1
malade_0227,73.95322195704057,60.23699188232422,0.14113882184028625,1
malade_0228,23.283698920140186,46.21807861328125,0.14854225516319275,1
malade_0229,35.00011097054842,57.89085388183594,0.13182835280895233,1
malade_0230,56.68518050997223,56.81586456298828,0.16503457725048065,1
malade_0231,1.1199407090212872,40.57229995727539,0.23648951947689056,1
malade_0232,50.643719565072374,52.706520080566406,0.15358585119247437,1
malade_0233,24.078390745057412,48.33498001098633,0.14503055810928345,1
malade_0234,19.847091350222875,46.029911041259766,0.16640010476112366,1
malade_0235,68.97854148507865,62.132022857666016,0.162123441696167,1
malade_0236,5.848120587674108,45.15460968017578,0.1816602647304535,1
malade_0237,51.981680071492406,60.00706481933594,0.14404776692390442,1
malade_0238,82.30985532223684,73.00346374511719,0.1399298459291458,1
malade_0239,13.681624448621788,45.38642501831055,0.1424548327922821,1
malade_0240,20.9672843143674,46.31293869018555,0.2338140904903412,1
malade_0241,25.80921997723923,47.039588928222656,0.11991284787654877,1
malade_0242,85.23994291321024,74.5222396850586,0.15139169991016388,1
malade_0243,63.8731765406371,61.14108657836914,0.1350630819797516,1
malade_0244,58.05883358987515,54.337520599365234,0.1308852583169937,1
malade_0245,7.133379332307203,41.0595703125,0.12468714267015457,1
malade_0246,3.6371603856266432,45.6497688293457,0.14795398712158203,1
malade_0247,52.22828182669531,55.017982482910156,0.11746156960725784,1
malade_0248,3.7776137501977116,33.03175354003906,0.14505907893180847,1
malade_0249,3.0241855678264655,50.15202331542969,0.1399904489517212,1
malade_0250,37.87066735644076,49.959922790527344,0.12414800375699997,1
malade_0251,28.74405804353265,44.10847091674805,0.15978704392910004,1
malade_0252,4.757213230119634,38.67699432373047,0.13235336542129517,1
malade_0253,45.07973866818163,58.675537109375,0.1407424956560135,1
malade_0254,31.94258407848532,46.574951171875,0.19122463464736938,1
malade_0255,4.6499307893432675,30.76305389404297,0.09428390115499496,1
malade_0256,54.88838242169238,60.674468994140625,0.1482888162136078,1
malade_0257,47.97110574736769,58.843589782714844,0.12498489767313004,1
malade_0258,74.42899265061831,64.36419677734375,0.17112743854522705,1
malade_0259,48.76650719813047,63.61750030517578,0.15651409327983856,1
malade_0260,73.2116272145303,62.756526947021484,0.1625366359949112,1
malade_0261,36.286270891007895,51.155879974365234,0.144181028008461,1
malade_0262,44.43790835941932,57.0042724609375,0.13710467517375946,1
malade_0263,40.58766774844312,58.71934509277344,0.14164505898952484,1
malade_0264,40.94576762498107,62.26544189453125,0.14835424721240997,1
malade_0265,15.79207454819277,51.86074447631836,0.18067464232444763,1
malade_0266,32.82835680358227,53.781494140625,0.14059683680534363,1
malade_0267,16.35218675032294,39.82549285888672,0.14473463594913483,1
malade_0268,8.545090005666216,45.1182746887207,0.1865229457616806,1
malade_0269,15.348367553012453,48.059608459472656,0.19484522938728333,1
malade_0270,25.790346317926936,49.66864013671875,0.10494622588157654,1
malade_0271,40.26963054440671,58.39725875854492,0.1532822996377945,1
malade_0272,10.812044628672645,47.40259552001953,0.15855135023593903,1
malade_0273,6.342608545830462,41.74490737915039,0.08622175455093384,1
malade_0274,7.5758123396103665,34.130374908447266,0.07974297553300858,1
malade_0275,6.443473007072538,35.26569747924805,0.08894438296556473,1
malade_0276,10.508468007596017,41.83304977416992,0.17205603420734406,1
malade_0277,1.3159156739751778,31.838476181030273,0.1189284548163414,1
malade_0278,3.389692996689816,33.310340881347656,0.06511685252189636,1
malade_0279,27.91801510248112,40.477638244628906,0.10208722203969955,1
malade_0280,34.47871696196597,54.739559173583984,0.15943992137908936,1
malade_0281,14.831250154081305,50.38740921020508,0.18861819803714752,1
malade_0282,40.662169012986,48.90752029418945,0.1365266591310501,1
malade_0283,25.935040512618112,48.75825119018555,0.16463957726955414,1
malade_0284,7.843080149114632,46.66592788696289,0.0958685353398323,1
malade_0285,17.52186522344774,48.314510345458984,0.09158870577812195,1
malade_0286,5.244312475437754,44.513755798339844,0.1945066601037979,1
malade_0287,7.13270736396311,42.34608840942383,0.2153846025466919,1
malade_0288,19.73051010587103,48.3261604309082,0.1053115725517273,1
malade_0289,36.25658412544651,55.44581985473633,0.22454583644866943,1
malade_0290,2.481500382750702,41.25254440307617,0.16528162360191345,1
malade_0291,30.30427270331215,59.020267486572266,0.12465817481279373,1
malade_0292,62.073903433676804,58.824825286865234,0.15762116014957428,1
malade_0293,15.231837527066379,40.84498596191406,0.12885698676109314,1
malade_0294,37.67168751595609,49.32038116455078,0.2121361345052719,1
malade_0295,3.475590042030391,37.81428146362305,0.09828811138868332,1
malade_0296,47.28305147512653,62.158016204833984,0.13954755663871765,1
malade_0297,17.551690642490403,42.61567687988281,0.14077968895435333,1
malade_0298,11.075712596239713,36.90086364746094,0.186555415391922,1
malade_0299,33.2286092975308,57.32875061035156,0.13226336240768433,1
malade_0300,39.738587979007825,59.505374908447266,0.1290929913520813,1
malade_0301,73.01523495598344,67.38595581054688,0.15710683166980743,1
malade_0302,46.722278027689214,71.22062683105469,0.2595771849155426,1
malade_0303,19.365654247498835,44.084659576416016,0.1271076798439026,1
malade_0304,56.471757345800306,55.91908264160156,0.18756552040576935,1
malade_0305,67.24326094073993,61.18775177001953,0.16802844405174255,1
malade_0306,20.85518648018648,48.90010070800781,0.17326655983924866,1
malade_0307,8.92369626579057,50.872581481933594,0.1493261456489563,1
malade_0308,18.63190794146896,42.47184371948242,0.13368189334869385,1
malade_0309,1.7601253282956273,35.46721649169922,0.16828958690166473,1
malade_0310,3.722555439388103,33.42991638183594,0.13780152797698975,1
malade_0311,10.067102020256534,42.0079345703125,0.1440708041191101,1
malade_0312,16.24276001007303,49.48036575317383,0.1378450244665146,1
malade_0313,16.87402974328976,50.3265380859375,0.10578285157680511,1
malade_0314,7.116504629092512,41.28806686401367,0.1992601901292801,1
malade_0315,3.836062607436895,35.51591491699219,0.1549457311630249,1
malade_0316,15.50919813396708,47.1915283203125,0.19579480588436127,1
malade_0317,82.66391084784044,67.26105499267578,0.14541985094547272,1
malade_0318,21.05274610496997,52.532527923583984,0.11982113867998123,1
malade_0319,17.038760817395097,50.67218017578125,0.11895453184843063,1
malade_0320,51.492176157444746,52.49771499633789,0.1386202722787857,1
malade_0321,43.83116883116883,46.93885803222656,0.1615506261587143,1
malade_0322,19.979725543937374,57.35502624511719,0.13661980628967285,1
malade_0323,46.313463541005255,60.65319061279297,0.12646803259849548,1
malade_0324,59.883940620782724,54.642234802246094,0.1652480810880661,1
malade_0325,37.637148234862046,52.77583312988281,0.1431087851524353,1
malade_0326,8.329637841832964,43.15849685668945,0.2148604393005371,1
malade_0327,28.18372638597358,55.38159942626953,0.1442403942346573,1
malade_0328,85.80923188977573,65.1698226928711,0.12474411725997925,1
malade_0329,10.344294402638903,41.677608489990234,0.13279473781585693,1
malade_0330,2.7048029680136367,45.14405059814453,0.1404011994600296,1
malade_0331,42.16292421102694,47.807830810546875,0.12394893914461136,1
malade_0332,60.81284495735073,66.2258071899414,0.13671068847179413,1
malade_0333,24.02502061586114,41.94804763793945,0.10030806064605713,1
malade_0334,41.74020637811085,48.57361602783203,0.15713658928871155,1
malade_0335,82.87338715958359,57.40824890136719,0.13550376892089844,1
malade_0336,26.697730063281178,55.711753845214844,0.11407158523797989,1
malade_0337,10.464216180713565,39.2558708190918,0.10149664431810379,1
malade_0338,17.342433845237128,44.50088882446289,0.13067883253097534,1
malade_0339,15.897932816537468,50.37321472167969,0.11451797932386398,1
malade_0340,10.615989515072084,34.585235595703125,0.11848844587802887,1
malade_0341,23.713588161842818,49.68385314941406,0.1594606637954712,1
malade_0342,9.695103951419053,45.400142669677734,0.10996878892183304,1
malade_0343,8.232533889468195,48.182498931884766,0.12289521098136902,1
malade_0344,16.921972982248153,52.71770095825195,0.1318778246641159,1
malade_0345,30.0888607664585,48.44340896606445,0.15692494809627533,1
malade_0346,11.331651619755709,44.0718994140625,0.17270928621292114,1
malade_0347,21.77935943060498,48.58195877075195,0.17195934057235718,1
malade_0348,27.23152201905743,51.34423828125,0.1320628821849823,1
malade_0349,2.5820623342175066,39.751976013183594,0.1197802722454071,1
malade_0350,26.62803645811853,51.09479904174805,0.13686884939670563,1
malade_0351,33.101282386809736,53.818965911865234,0.16043856739997864,1
malade_0352,1.0948116491800917,45.48262405395508,0.1332751214504242,1
malade_0353,26.55487060546875,42.612449645996094,0.16090930998325348,1
malade_0354,22.63436574812116,43.47643280029297,0.16748040914535522,1
malade_0355,80.66445365010563,75.6178207397461,0.16329914331436157,1
malade_0356,4.991603323316245,48.26396942138672,0.1463857889175415,1
malade_0357,0.6358461752047758,37.676910400390625,0.15631243586540222,1
malade_0358,3.857625377762854,33.088863372802734,0.1426745057106018,1
malade_0359,48.21486305482426,57.34747314453125,0.14793848991394043,1
malade_0360,6.288570408527566,45.495880126953125,0.12409312278032303,1
malade_0361,50.06186001210877,60.826438903808594,0.15748313069343567,1
malade_0362,6.043124645356535,37.487579345703125,0.12780383229255676,1
malade_0363,4.950476476326255,38.37395095825195,0.11591248959302902,1
malade_0364,33.51478687167733,50.634246826171875,0.17350883781909943,1
malade_0365,10.577887157050405,41.417335510253906,0.12819549441337585,1
malade_0366,18.452137512930932,44.40534210205078,0.14486412703990936,1
malade_0367,28.585801575421463,46.41950225830078,0.16298969089984894,1
malade_0368,32.468062898504684,47.50652313232422,0.13621419668197632,1
malade_0369,13.877685406206272,49.82706069946289,0.12368294596672058,1
malade_0370,26.864035087719298,44.765052795410156,0.17774982750415802,1
malade_0371,48.92341947556672,49.79648971557617,0.15462535619735718,1
malade_0372,24.614286988317133,43.641334533691406,0.12475711107254028,1
malade_0373,38.88120985445971,58.026878356933594,0.1611577868461609,1
malade_0374,21.602554421695324,44.676822662353516,0.1347692906856537,1
malade_0375,21.66690830761583,48.87161636352539,0.1296130120754242,1
malade_0376,20.261453585991845,53.5289421081543,0.2087048888206482,1
malade_0377,24.08153590898317,54.71561050415039,0.1782260537147522,1
malade_0378,74.61536051139035,66.02405548095703,0.13971054553985596,1
malade_0379,30.247876581729937,42.43821334838867,0.10382381826639175,1
malade_0380,3.6866275798224755,38.446022033691406,0.20618300139904022,1
malade_0381,22.019871591436175,48.873626708984375,0.17045950889587402,1
malade_0382,14.103365747428793,40.35161209106445,0.11612816154956818,1
malade_0383,16.999204032899975,48.39244079589844,0.13878470659255981,1
malade_0384,5.417220677706596,37.2239875793457,0.18811403214931488,1
malade_0385,24.640011184118553,41.70033645629883,0.11768404394388199,1
malade_0386,8.125103425450934,44.671016693115234,0.17496073246002197,1
malade_0387,42.49575486261192,46.9139404296875,0.11326717585325241,1
malade_0388,55.47797888885212,58.04401779174805,0.14440107345581055,1
malade_0389,12.246928831240135,42.471343994140625,0.18486890196800232,1
malade_0390,2.6248822810427397,32.75432205200195,0.13585540652275085,1
malade_0391,11.207840414452425,41.356117248535156,0.20114146173000336,1
malade_0392,32.310661087140346,49.08909606933594,0.13606113195419312,1
malade_0393,37.06633302230893,53.31934356689453,0.1564302295446396,1
malade_0394,17.996634314339385,49.31796646118164,0.12715722620487213,1
malade_0395,71.50176289114147,66.15072631835938,0.16198858618736267,1
malade_0396,4.236066225824094,37.18349075317383,0.14882288873195648,1
malade_0397,63.686371320471196,64.9229507446289,0.16305921971797943,1
malade_0398,52.611848875385895,55.91783142089844,0.14932595193386078,1
malade_0399,44.38213556494982,66.5855941772461,0.1343856304883957,1
malade_0400,34.590384098845014,56.94229507446289,0.1380898803472519,1
